target,collocate,O11,O12,O21,O22,R1,C1,N,exp_local,obs_local,ratio_local,p_value,log_dice,t_score,mi,log_likelihood
龐迪峨,三撥,3,0,197,1508939,200,3,1509139,0.0002946796387652392,3,10180.547297297297,9.286119031033061e-13,12.884522782580063,1.7318806742001116,13.313527501068428,55.4306242414211
湯若望,羅雅谷,2,2,138,1508997,140,4,1509139,0.00023096466240665178,2,8659.333333333334,1.9772845068760134e-08,12.540568381362704,1.4140502456940929,13.08004024336507,33.53953978224839
龐迪峨,周子愚,2,0,198,1508939,200,2,1509139,0.00019645309251015947,2,10180.547297297298,9.583268495263422e-09,12.415037499278844,1.4140746490591958,13.313527501068428,36.94008314751646
龐迪峨,熊三拔,2,0,198,1508939,200,2,1509139,0.00019645309251015947,2,10180.547297297298,9.583268495263422e-09,12.415037499278844,1.4140746490591958,13.313527501068428,36.94008314751646
利瑪竇,西洋人,4,10,236,1508889,240,14,1509139,0.0013937568982670292,4,2869.9409523809522,0.0,12.299560281858907,1.9993031215508665,11.486805339129768,57.07648427834236
龐迪峨,陽瑪諾,2,1,198,1508938,200,3,1509139,0.0002946796387652392,2,6787.031531531532,2.8747948346511564e-08,12.299560281858907,1.4140051924022463,12.728565000347272,33.12119194623738
利瑪竇,歷算,2,0,238,1508899,240,2,1509139,0.0001991081283238613,2,10044.793333333333,9.844944797659387e-09,12.192645077942396,1.4140727716653678,13.294160261187372,36.88602213850295
龐迪峨,大西洋,3,8,197,1508931,200,11,1509139,0.0010804920088058772,3,2776.5128992628993,0.0,12.192645077942396,1.731426985216736,11.439058383152288,42.54120648703288
湯若望,西洋人,3,11,137,1508988,140,14,1509139,0.0008083763184232812,3,3711.1428571428573,0.0,12.192645077942396,1.7315840912838292,11.857647822028623,44.114884527001735
利瑪竇,九萬里,2,1,238,1508898,240,3,1509139,0.000298662192485792,2,6696.528888888888,2.9532900337463798e-08,12.093109404391482,1.4140023763115042,12.709197760466216,33.067133592611725
利瑪竇,龐迪峨,2,8,238,1508891,240,10,1509139,0.0009955406416193066,2,2008.9586666666667,4.4089833325547236e-07,11.540568381362704,1.4135096088344592,10.97223216630001,26.879545378339373
龐迪峨,利瑪竇,2,10,198,1508929,200,12,1509139,0.0011787185550609569,2,1696.757882882883,6.374927342566349e-07,11.540568381362704,1.413380082489701,10.728565000347272,26.128552220930914
利瑪竇,大西洋,2,9,238,1508890,240,11,1509139,0.0010950947057812373,2,1826.3260606060605,5.416873563170164e-07,11.476438043942988,1.4134392134805955,10.834728642550076,26.45672542616157
龐迪峨,歸化,2,12,198,1508927,200,14,1509139,0.0013751716475711164,2,1454.3638996138995,8.767972438441273e-07,11.415037499278844,1.413241169175802,10.506172579010824,25.45915194070855
龐迪峨,曆法,3,30,197,1508909,200,33,1509139,0.003241476026417631,3,925.5042997542998,4.776646802659611e-09,11.158697746019058,1.7301793405124535,9.854095882431132,35.33041629096767
龐迪峨,等同,2,18,198,1508921,200,20,1509139,0.0019645309251015946,2,1018.0547297297298,1.8187778836500027e-06,11.09310940439148,1.412824429234105,9.991599406181066,23.940252776213203
龐迪峨,五官,2,26,198,1508913,200,28,1509139,0.002750343295142233,2,727.1819498069498,3.6144188033296743e-06,10.752072486556415,1.4122687759785089,9.506172579010824,22.535278327536297
湯若望,曆法,2,31,138,1508968,140,33,1509139,0.001905458464854877,2,1049.6161616161617,1.7350923671924932e-06,10.678071905112638,1.4128661997713268,10.035646124006616,23.998285702297522
龐迪峨,天文,2,54,198,1508885,200,56,1509139,0.005500686590284466,2,363.5909749034749,1.4707626007285836e-05,9.955605880641546,1.4103239895839228,8.506172579010824,19.69402535429214
利瑪竇,天文,2,54,238,1508845,240,56,1509139,0.005575027593068117,2,358.74261904761903,1.5108099922308617e-05,9.912537158749661,1.4102714225567343,8.486805339129768,19.640107733753148
利瑪竇,中國,2,144,238,1508755,240,146,1509139,0.014534893367641875,2,137.5999086757991,0.0001032284627349128,8.696219251822896,1.403935840709012,7.104335702307356,15.779999662147974
利瑪竇,一卷,3,237,237,1508662,240,240,1509139,0.02389297539886336,3,125.55991666666667,2.163334971586134e-06,8.60768257722124,1.7182561917906025,6.97223216630001,23.141004558840365
龐迪峨,曆,3,1174,197,1507765,200,1177,1509139,0.11561264494222885,3,25.948718684699994,0.00023131396443743538,6.371858281079249,1.6653018158897568,4.6975913967511405,13.831666681141296
龐迪峨,正,2,1051,198,1507888,200,1053,1509139,0.10343255320659897,2,19.3362721696055,0.004960885747432924,5.9460741184688946,1.3410757026052704,4.273237780042711,8.082642152142792
利瑪竇,曆,2,1175,238,1507724,240,1177,1509139,0.11717513351859239,2,17.068467856131406,0.006311042046791896,5.7844670002543435,1.331358230875659,4.093261656148928,7.610049225633343
龐迪峨,等,10,6934,190,1502005,200,6944,1509139,0.6820851371952737,10,14.66092640739818,3.4011351583691907e-09,5.558300743159734,2.9465834009998293,3.8739043635113113,35.6826521619884
利瑪竇,臣,2,1723,238,1507176,240,1725,1509139,0.17173076067933038,2,11.646137198067633,0.013086812113610432,5.237617961289608,1.2927815769584163,3.541779614634479,6.187701188643903
湯若望,三年,2,1753,138,1507246,140,1755,1509139,0.10133574563091848,2,19.7363722697056,0.004750076789369436,5.217001791079586,1.3425583694608774,4.302784928173147,8.176371528694855
龐迪峨,人,5,4444,195,1504495,200,4449,1509139,0.4370099042888498,5,11.441388286465832,8.72158850673696e-05,5.199423610573458,2.0406312069336807,3.516190212780004,15.39366447089265
利瑪竇,萬,2,1770,238,1507129,240,1772,1509139,0.17640980169494114,2,11.337238525206923,0.013768017175102319,5.199100100079695,1.289472995326828,3.5029973726323544,6.089356920215629
龐迪峨,言,3,2728,197,1506211,200,2731,1509139,0.2682566978226228,3,11.183318158876562,0.0025891998786322563,5.164475887895382,1.577172730869066,3.4832764030242984,9.076618918777204
利瑪竇,言,3,2728,237,1506171,240,2731,1509139,0.2718821492262326,3,11.034192603441964,0.0026891088275205533,5.16342359387288,1.575079575525258,3.4639091631432426,9.002501177151292
龐迪峨,及,3,3194,197,1505745,200,3197,1509139,0.31403026837748993,3,9.553219234248324,0.004018651946940561,4.93795386227951,1.5507453475874433,3.2559869730090645,8.220740647073617
利瑪竇,時,2,2576,238,1506323,240,2578,1509139,0.25665037740945723,2,7.79270235324541,0.027672806550088504,4.6612636174260835,1.232734340112781,2.962123712825722,4.747608624748104
湯若望,及,2,3195,138,1505804,140,3197,1509139,0.18459850642851644,2,10.834323845271609,0.014943000481891806,4.354341567591289,1.2836827066805825,3.4375372145845504,5.939336607624245
龐迪峨,皆,3,4967,197,1503972,200,4970,1509139,0.4881859348877463,3,6.145199575833378,0.01331992623878094,4.303032473765713,1.450196526646848,2.619459865339936,5.914688923119146
利瑪竇,等,4,6940,236,1501959,240,6944,1509139,0.6913034215404464,4,5.786171274961598,0.00536064994437879,4.235957782693413,1.6543482892297767,2.5326090287428937,7.501826300014767
利瑪竇,中,2,4480,238,1504419,240,4482,1509139,0.44620131557377324,2,4.482281719470474,0.07410765141645913,3.866215590820092,1.0987015863565213,2.164233327676979,2.9096714242056545
湯若望,等,3,6941,137,1502058,140,6944,1509139,0.4009546539379475,3,7.482142857142857,0.007776832254435013,3.821957671135179,1.5005595301849701,2.903451511641747,6.956798029498678
利瑪竇,至,2,4750,238,1504149,240,4752,1509139,0.4730809128974945,2,4.227606621773289,0.0818994962529748,3.7820423021358867,1.0796948408133542,2.079841140386607,2.7288439380249265
利瑪竇,而,3,8040,237,1500859,240,8043,1509139,0.8007133380544083,3,3.7466592067636455,0.04705399058062771,3.609293627127226,1.2697587462994409,1.9056047572048116,3.559798057748533
利瑪竇,有,2,6307,238,1502592,240,6309,1509139,0.6280865907976205,2,3.1842743171131187,0.13096486713897673,3.374062900461537,0.9700892748477573,1.6709646257344373,1.9020096494178418
龐迪峨,與,2,6776,198,1502163,200,6778,1509139,0.6657795305169305,2,3.0039974320735605,0.1437365934119299,3.271229150457337,0.9434363415693775,1.586883579584434,1.743717434553869
利瑪竇,與,2,6776,238,1502123,240,6778,1509139,0.674777446889566,2,2.9639401986820104,0.14682776923031912,3.270804140867906,0.9370738538857375,1.5675163397033784,1.7076892915085953
